{
  "accuracy": 0.6906377204884667,
  "brier": 0.20301679332470002,
  "n_games": 3685,
  "seasons": [
    "2022-23",
    "2023-24",
    "2024-25"
  ]
}